Designator,Footprint,Quantity,Value,LCSC Part #
C1,C_Disc_D4.3mm_W1.9mm_P5.08mm,1,1uF16V,
"C2, C3, C7, C8",C_Disc_D4.3mm_W1.9mm_P5.08mm,4,.1uF 16V,
C4,C_Disc_D3.0mm_W1.6mm_P2.50mm,1,1.2nF,
C5,C_Disc_D4.3mm_W1.9mm_P5.08mm,1,4n7,
C6,C_Disc_D3.0mm_W1.6mm_P2.50mm,1,470pF,
H2,SolderWire-0.15sqmm_1x01_D0.5mm_OD1.5mm,1,MountingHole_Pad,
J1,PinSocket_1x28_P2.54mm_Vertical,1,RAMBOARD_ADRESSBUS,
J2,PinSocket_1x07_P2.54mm_Vertical,1,RAMBOARD_CONTROL,
J3,PinSocket_1x08_P2.54mm_Vertical,1,RAMBOARD_DATABUS,
J4,DIP-24_W15.24mm_WireAdapter,1,Dip24 to Wire Adapter,
"J5, J6",PinHeader_1x20_P2.54mm_Vertical,2,Conn_01x20,
"R1, R2, R3, R4",R_Axial_DIN0207_L6.3mm_D2.5mm_P10.16mm_Horizontal,4,1K,
"R5, R6",R_Axial_DIN0204_L3.6mm_D1.6mm_P7.62mm_Horizontal,2,1K8,
"U1, U2",DIP-14_W7.62mm_LongPads,2,74LS06N,
U10,DIP-20_W7.62mm_LongPads,1,74LS273,
"U11, U12",DIP-14_W7.62mm_LongPads,2,74LS86,
"U13, U18, U9",DIP-20_W7.62mm_LongPads,3,74LS244,
U14,DIP-16_W7.62mm_LongPads,1,74LS123,
"U15, U3, U5",DIP-14_W7.62mm_LongPads,3,74LS00,
"U16, U17",DIP-14_W7.62mm_LongPads,2,74LS74,
U4,DIP-16_W7.62mm_LongPads,1,74LS42,
U6,DIP-40_W15.24mm_Socket_LongPads,1,DIP 40 Socket,
U7,DIP-24_W15.24mm_Socket_LongPads,1,2316,
U8,DIP-20_W7.62mm_LongPads,1,74LS373,
