Designator,Footprint,Quantity,Value,LCSC Part #
"C20, C21, C22, C23, C24, C25, C26",C_Disc_D3.0mm_W1.6mm_P2.50mm,7,.1uF 16V,
C27,C_Disc_D4.3mm_W1.9mm_P5.08mm,1,1uF 16V,
J4,PinHeader_1x07_P2.54mm_Vertical,1,Conn_01x07_Male,
J5,PinHeader_1x28_P2.54mm_Vertical,1,Conn_01x28_Male,
J6,PinHeader_1x08_P2.54mm_Vertical,1,Conn_01x08_Male,
U19,DIP-16_W7.62mm_LongPads,1,74LS42,
"U20, U21, U22, U23, U24, U25, U26, U27",DIP-24_W15.24mm_LongPads,8,6116,
"U28, U29, U30, U31",DIP-16_W7.62mm_LongPads,4,74LS157,
